Sample	Gene	Cohort	Expression	Threshold	Exceeds threshold	Percent difference	Mean Accuracy	Minimum Accuracy	Maximum Accuracy	Sample 1 Accuracy	Sample 2 Accuracy	Sample 3 Accuracy	Sample 4 Accuracy	Sample 5 Accuracy
TH34_1162_S02	CSF1R	Pan-cancer	5.80400191518	8.07855561375618	FALSE	39.18940296396576	99.99460334592553	99.97301672962763	100	100	100	99.97301672962763	100	100
TH34_1162_S02	CSF1R	Same Disease	5.80400191518	5.6572073251009	TRUE	2.529196099938702	99.18379902249391	98.5053581500282	99.70318402590394	98.96251673360106	99.56810631229236	99.70318402590394	98.5053581500282	99.17982989064399
TH34_1162_S02	CSF1R	Inferred Disease	5.80400191518	5.6572073251009	TRUE	2.529196099938702	99.18379902249391	98.5053581500282	99.70318402590394	98.96251673360106	99.56810631229236	99.70318402590394	98.5053581500282	99.17982989064399
TH34_1162_S02	CSF1R	First Degree	5.80400191518	10.8487825393677	FALSE	86.91900343784168	99.99460334592553	99.97301672962763	100	100	100	99.97301672962763	100	100
TH34_1162_S02	CSF1R	First & Second Degree	5.80400191518	8.07898151874542	FALSE	39.19674109023561	99.99460334592553	99.97301672962763	100	100	100	99.97301672962763	100	100
