Sample	Gene	Cohort	Expression	Threshold	Exceeds threshold	Percent difference	Mean Accuracy	Minimum Accuracy	Maximum Accuracy	Sample 1 Accuracy	Sample 2 Accuracy	Sample 3 Accuracy	Sample 4 Accuracy	Sample 5 Accuracy
TH34_1179_S01	PTCH1	Pan-cancer	6.04264433741	5.57817858457565	TRUE	7.6864651781479605	99.93110956353156	99.8661311914324	99.97301672962763	99.8661311914324	99.93355481727575	99.97301672962763	99.94359842075579	99.93924665856622
TH34_1179_S01	PTCH1	Same Disease	6.04264433741	5.75079455971718	TRUE	4.829835439527328	99.8269415522746	99.69879518072288	99.89206691851052	99.69879518072288	99.8671096345515	99.89206691851052	99.85899605188945	99.81773997569866
TH34_1179_S01	PTCH1	Inferred Disease	6.04264433741	NA	NA	NA	NA	NA	NA	NA	NA	NA	NA	NA
TH34_1179_S01	PTCH1	First Degree	6.04264433741	NA	NA	NA	NA	NA	NA	NA	NA	NA	NA	NA
TH34_1179_S01	PTCH1	First & Second Degree	6.04264433741	NA	NA	NA	NA	NA	NA	NA	NA	NA	NA	NA
