Sample	Gene	Cohort	Expression	Threshold	Exceeds threshold	Percent difference	Mean Accuracy	Minimum Accuracy	Maximum Accuracy	Sample 1 Accuracy	Sample 2 Accuracy	Sample 3 Accuracy	Sample 4 Accuracy	Sample 5 Accuracy
TH34_1150_S02	CDK9	Pan-cancer	6.69835740596	7.00235652923584	FALSE	4.538412999660932	99.81566123642575	99.69879518072288	99.89206691851052	99.69879518072288	99.8671096345515	99.89206691851052	99.80259447264524	99.81773997569866
TH34_1150_S02	CDK9	Same Disease	6.69835740596	6.45934462547302	TRUE	3.5682297315803737	99.70096999946261	99.36412315930389	99.86508364813815	99.36412315930389	99.80066445182725	99.86508364813815	99.71799210377891	99.75698663426489
TH34_1150_S02	CDK9	Inferred Disease	6.69835740596	6.45934462547302	TRUE	3.5682297315803737	99.70096999946261	99.36412315930389	99.86508364813815	99.36412315930389	99.80066445182725	99.86508364813815	99.71799210377891	99.75698663426489
TH34_1150_S02	CDK9	First Degree	6.69835740596	6.64616167545319	TRUE	0.7792317928626591	89.34122476145251	85.05467800729039	94.98338870431894	85.20749665327979	94.98338870431894	94.63032919589854	86.8302312464749	85.05467800729039
TH34_1150_S02	CDK9	First & Second Degree	6.69835740596	6.43729162216187	TRUE	3.897459749846165	99.77913579743931	99.66532797858099	99.86508364813815	99.66532797858099	99.83388704318938	99.86508364813815	99.77439368302312	99.75698663426489
