Sample	Gene	Cohort	Expression	Threshold	Exceeds threshold	Percent difference	Mean Accuracy	Minimum Accuracy	Maximum Accuracy	Sample 1 Accuracy	Sample 2 Accuracy	Sample 3 Accuracy	Sample 4 Accuracy	Sample 5 Accuracy
TH34_1150_S02	PDCD1	Pan-cancer	6.33413917884	3.23698456585407	TRUE	48.89621976309536	100	100	100	100	100	100	100	100
TH34_1150_S02	PDCD1	Same Disease	6.33413917884	9.38725697994232	FALSE	48.20099014088054	100	100	100	100	100	100	100	100
TH34_1150_S02	PDCD1	Inferred Disease	6.33413917884	9.38725697994232	FALSE	48.20099014088054	100	100	100	100	100	100	100	100
TH34_1150_S02	PDCD1	First Degree	6.33413917884	9.78454634547234	FALSE	54.47318205698518	100	100	100	100	100	100	100	100
TH34_1150_S02	PDCD1	First & Second Degree	6.33413917884	9.67391443252563	FALSE	52.72658461377948	100	100	100	100	100	100	100	100
