Sample	Gene	Cohort	Expression	Threshold	Exceeds threshold	Percent difference	Mean Accuracy	Minimum Accuracy	Maximum Accuracy	Sample 1 Accuracy	Sample 2 Accuracy	Sample 3 Accuracy	Sample 4 Accuracy	Sample 5 Accuracy
TH34_1351_S01	MAP2K4	Pan-cancer	5.96509162479	5.50134456157684	TRUE	7.774349371028927	99.93110956353156	99.8661311914324	99.97301672962763	99.8661311914324	99.93355481727575	99.97301672962763	99.94359842075579	99.93924665856622
TH34_1351_S01	MAP2K4	Same Disease	5.96509162479	5.85241490602493	TRUE	1.8889352561962849	99.01010498387758	98.5335589396503	99.54128440366972	98.69477911646585	99.43521594684385	99.54128440366972	98.5335589396503	98.8456865127582
TH34_1351_S01	MAP2K4	Inferred Disease	5.96509162479	5.85241490602493	TRUE	1.8889352561962849	99.01010498387758	98.5335589396503	99.54128440366972	98.69477911646585	99.43521594684385	99.54128440366972	98.5335589396503	98.8456865127582
TH34_1351_S01	MAP2K4	First Degree	5.96509162479	5.12680366635323	TRUE	14.05322853638953	99.9766295896483	99.94359842075579	100	99.9665327978581	100	99.97301672962763	99.94359842075579	100
TH34_1351_S01	MAP2K4	First & Second Degree	5.96509162479	5.2293301820755	TRUE	12.334453332733226	99.97055425550492	99.94359842075579	100	99.9665327978581	100	99.97301672962763	99.94359842075579	99.96962332928311
