Sample	Gene	Cohort	Expression	Threshold	Exceeds threshold	Percent difference	Mean Accuracy	Minimum Accuracy	Maximum Accuracy	Sample 1 Accuracy	Sample 2 Accuracy	Sample 3 Accuracy	Sample 4 Accuracy	Sample 5 Accuracy
TH34_1163_S01	IGF2	Pan-cancer	11.3425525233	9.91122198104858	TRUE	12.619122012537867	70.48922046508487	65.97113048449336	73.41889593319932	73.41889593319932	73.20284697508896	65.97113048449336	69.68988954970263	70.16333938294011
TH34_1163_S01	IGF2	Same Disease	11.3425525233	14.1296682357788	FALSE	24.572209004573484	87.19090047500434	83.9216807203087	88.87900355871886	88.80470078861914	88.87900355871886	83.9216807203087	86.36363636363636	87.98548094373866
TH34_1163_S01	IGF2	Inferred Disease	11.3425525233	14.4821605682373	FALSE	27.679907485443696	89.35433823267721	86.46562812633985	90.8185053380783	90.78398020720581	90.8185053380783	86.46562812633985	88.84876805437553	89.85480943738658
TH34_1163_S01	IGF2	First Degree	11.3425525233	13.9922751188278	FALSE	23.3609021433642	86.2054881554507	82.50678862369587	88.07829181494662	87.90783980207206	88.07829181494662	82.50678862369587	85.49277824978759	87.04174228675136
TH34_1163_S01	IGF2	First & Second Degree	11.3425525233	19.4736832976341	FALSE	71.68695721382853	97.72294373642225	96.71287694726311	98.18505338078292	97.9434049791248	98.18505338078292	96.71287694726311	97.76975361087511	98.00362976406534
