Sample	Gene	Cohort	Expression	Threshold	Exceeds threshold	Percent difference	Mean Accuracy	Minimum Accuracy	Maximum Accuracy	Sample 1 Accuracy	Sample 2 Accuracy	Sample 3 Accuracy	Sample 4 Accuracy	Sample 5 Accuracy
TH34_1239_S01	BTK	Pan-cancer	6.02369891727	5.7873977124691	TRUE	3.9228588288737702	99.74148740817812	99.63338973491258	99.80066445182725	99.73226238286479	99.80066445182725	99.78413383702105	99.63338973491258	99.75698663426489
TH34_1239_S01	BTK	Same Disease	6.02369891727	10.8936502337456	FALSE	80.84652608571461	99.99460334592553	99.97301672962763	100	100	100	99.97301672962763	100	100
TH34_1239_S01	BTK	Inferred Disease	6.02369891727	10.9921633601189	FALSE	82.48195188846951	99.99460334592553	99.97301672962763	100	100	100	99.97301672962763	100	100
TH34_1239_S01	BTK	First Degree	6.02369891727	9.72465205192566	FALSE	61.43987582189728	99.99460334592553	99.97301672962763	100	100	100	99.97301672962763	100	100
TH34_1239_S01	BTK	First & Second Degree	6.02369891727	10.8387471437454	FALSE	79.93507465438906	99.99460334592553	99.97301672962763	100	100	100	99.97301672962763	100	100
