Sample	Gene	Cohort	Expression	Threshold	Exceeds threshold	Percent difference	Mean Accuracy	Minimum Accuracy	Maximum Accuracy	Sample 1 Accuracy	Sample 2 Accuracy	Sample 3 Accuracy	Sample 4 Accuracy	Sample 5 Accuracy
TH34_1239_S01	PIK3R5	Pan-cancer	6.17232749166	5.03769659996033	TRUE	18.382545210583437	99.97687309349824	99.94603345925526	100	99.9665327978581	100	99.94603345925526	99.97179921037788	100
TH34_1239_S01	PIK3R5	Same Disease	6.17232749166	8.03734442591667	FALSE	30.215780623705825	99.99460334592553	99.97301672962763	100	100	100	99.97301672962763	100	100
TH34_1239_S01	PIK3R5	Inferred Disease	6.17232749166	8.91958019137383	FALSE	44.50918560989994	99.99460334592553	99.97301672962763	100	100	100	99.97301672962763	100	100
TH34_1239_S01	PIK3R5	First Degree	6.17232749166	8.49088335037231	FALSE	37.56372068470319	99.99460334592553	99.97301672962763	100	100	100	99.97301672962763	100	100
TH34_1239_S01	PIK3R5	First & Second Degree	6.17232749166	8.72900599241257	FALSE	41.421627485047324	99.99460334592553	99.97301672962763	100	100	100	99.97301672962763	100	100
