Sample	Gene	Cohort	Expression	Threshold	Exceeds threshold	Percent difference	Mean Accuracy	Minimum Accuracy	Maximum Accuracy	Sample 1 Accuracy	Sample 2 Accuracy	Sample 3 Accuracy	Sample 4 Accuracy	Sample 5 Accuracy
TH34_1239_S01	PIK3CD	Pan-cancer	6.84649331596	6.09738701581955	TRUE	10.941459599386354	99.94023815857194	99.87849331713244	100	99.9330655957162	100	99.94603345925526	99.94359842075579	99.87849331713244
TH34_1239_S01	PIK3CD	Same Disease	6.84649331596	9.46624782681465	FALSE	38.26417977722532	99.99460334592553	99.97301672962763	100	100	100	99.97301672962763	100	100
TH34_1239_S01	PIK3CD	Inferred Disease	6.84649331596	10.6207741498947	FALSE	55.12721125625577	99.99460334592553	99.97301672962763	100	100	100	99.97301672962763	100	100
TH34_1239_S01	PIK3CD	First Degree	6.84649331596	8.97534513473511	FALSE	31.094046550991283	99.99460334592553	99.97301672962763	100	100	100	99.97301672962763	100	100
TH34_1239_S01	PIK3CD	First & Second Degree	6.84649331596	10.1936712265015	FALSE	48.888938556893436	99.99460334592553	99.97301672962763	100	100	100	99.97301672962763	100	100
