Sample	Gene	Cohort	Expression	Threshold	Exceeds threshold	Percent difference	Mean Accuracy	Minimum Accuracy	Maximum Accuracy	Sample 1 Accuracy	Sample 2 Accuracy	Sample 3 Accuracy	Sample 4 Accuracy	Sample 5 Accuracy
TH34_1149_S02	IGF1	Pan-cancer	6.5993177937	5.27499631047249	TRUE	20.067551292828565	99.95883876343713	99.91539763113367	100	99.9665327978581	100	99.97301672962763	99.91539763113367	99.93924665856622
TH34_1149_S02	IGF1	Same Disease	6.5993177937	NA	NA	NA	NA	NA	NA	NA	NA	NA	NA	NA
TH34_1149_S02	IGF1	Inferred Disease	6.5993177937	5.28088465332985	TRUE	19.97832475394327	99.95883876343713	99.91539763113367	100	99.9665327978581	100	99.97301672962763	99.91539763113367	99.93924665856622
TH34_1149_S02	IGF1	First Degree	6.5993177937	NA	NA	NA	NA	NA	NA	NA	NA	NA	NA	NA
TH34_1149_S02	IGF1	First & Second Degree	6.5993177937	6.5694138109684	TRUE	0.4531374858193338	43.909632379355664	40.20507285483001	49.501661129568106	44.91298527443106	49.501661129568106	40.20507285483001	41.793570219966156	43.13487241798299
