Sample	Gene	Cohort	Expression	Threshold	Exceeds threshold	Percent difference	Mean Accuracy	Minimum Accuracy	Maximum Accuracy	Sample 1 Accuracy	Sample 2 Accuracy	Sample 3 Accuracy	Sample 4 Accuracy	Sample 5 Accuracy
TH34_1149_S02	NTRK3	Pan-cancer	5.80400191518	3.45536129921675	TRUE	40.465882856112245	99.97117236178993	99.93924665856622	100	100	100	99.97301672962763	99.94359842075579	99.93924665856622
TH34_1149_S02	NTRK3	Same Disease	5.80400191518	NA	NA	NA	NA	NA	NA	NA	NA	NA	NA	NA
TH34_1149_S02	NTRK3	Inferred Disease	5.80400191518	2.15675808489323	TRUE	62.84015552695863	99.97117236178993	99.93924665856622	100	100	100	99.97301672962763	99.94359842075579	99.93924665856622
TH34_1149_S02	NTRK3	First Degree	5.80400191518	NA	NA	NA	NA	NA	NA	NA	NA	NA	NA	NA
TH34_1149_S02	NTRK3	First & Second Degree	5.80400191518	2.73130793869495	TRUE	52.94095386923655	99.97117236178993	99.93924665856622	100	100	100	99.97301672962763	99.94359842075579	99.93924665856622
