Sample	Gene	Cohort	Expression	Threshold	Exceeds threshold	Percent difference	Mean Accuracy	Minimum Accuracy	Maximum Accuracy	Sample 1 Accuracy	Sample 2 Accuracy	Sample 3 Accuracy	Sample 4 Accuracy	Sample 5 Accuracy
TH34_1349_S01	IGF2	Pan-cancer	10.1559945647	9.91122198104858	TRUE	2.4101291320319866	51.341961343582796	43.666061705989115	59.7508896797153	46.543992577702184	59.7508896797153	57.853365728169216	48.89549702633815	43.666061705989115
TH34_1349_S01	IGF2	Same Disease	10.1559945647	21.1362758874893	FALSE	108.11625836187761	99.99327761184313	99.98185117967331	100	99.98453687954229	100	100	100	99.98185117967331
TH34_1349_S01	IGF2	Inferred Disease	10.1559945647	NA	NA	NA	NA	NA	NA	NA	NA	NA	NA	NA
TH34_1349_S01	IGF2	First Degree	10.1559945647	NA	NA	NA	NA	NA	NA	NA	NA	NA	NA	NA
TH34_1349_S01	IGF2	First & Second Degree	10.1559945647	NA	NA	NA	NA	NA	NA	NA	NA	NA	NA	NA
