Sample	Gene	Cohort	Expression	Threshold	Exceeds threshold	Percent difference	Mean Accuracy	Minimum Accuracy	Maximum Accuracy	Sample 1 Accuracy	Sample 2 Accuracy	Sample 3 Accuracy	Sample 4 Accuracy	Sample 5 Accuracy
TH34_1350_S01	PIK3R5	Pan-cancer	5.97613447283	5.03769659996033	TRUE	15.70309164119717	99.94326690749871	99.89206691851052	100	100	100	99.89206691851052	99.91539763113367	99.90886998784933
TH34_1350_S01	PIK3R5	Same Disease	5.97613447283	8.05287218093872	FALSE	34.75051837522125	99.9777347036332	99.91905018888289	100	100	100	99.91905018888289	100	99.96962332928311
TH34_1350_S01	PIK3R5	Inferred Disease	5.97613447283	8.91958019137383	FALSE	49.25333812225883	99.9777347036332	99.91905018888289	100	100	100	99.91905018888289	100	99.96962332928311
TH34_1350_S01	PIK3R5	First Degree	5.97613447283	8.4993679523468	FALSE	42.22183237322506	99.9777347036332	99.91905018888289	100	100	100	99.91905018888289	100	99.96962332928311
TH34_1350_S01	PIK3R5	First & Second Degree	5.97613447283	8.79641246795654	FALSE	47.19234495054787	99.9777347036332	99.91905018888289	100	100	100	99.91905018888289	100	99.96962332928311
