Sample	Gene	Cohort	Expression	Threshold	Exceeds threshold	Percent difference	Mean Accuracy	Minimum Accuracy	Maximum Accuracy	Sample 1 Accuracy	Sample 2 Accuracy	Sample 3 Accuracy	Sample 4 Accuracy	Sample 5 Accuracy
TH34_1350_S01	BTK	Pan-cancer	6.17332734965	5.7873977124691	TRUE	6.251566057043459	99.7921547515414	99.69623329283111	99.90033222591363	99.8326639892905	99.90033222591363	99.75715056664868	99.77439368302312	99.69623329283111
TH34_1350_S01	BTK	Same Disease	6.17332734965	10.8814446926117	FALSE	76.26547364653567	99.98313135770768	99.94603345925526	100	100	100	99.94603345925526	100	99.96962332928311
TH34_1350_S01	BTK	Inferred Disease	6.17332734965	10.9921633601189	FALSE	78.05897431864042	99.98313135770768	99.94603345925526	100	100	100	99.94603345925526	100	99.96962332928311
TH34_1350_S01	BTK	First Degree	6.17332734965	9.6964738368988	FALSE	57.07046277804378	99.9777347036332	99.91905018888289	100	100	100	99.91905018888289	100	99.96962332928311
TH34_1350_S01	BTK	First & Second Degree	6.17332734965	10.8039033412933	FALSE	75.00940302324696	99.98313135770768	99.94603345925526	100	100	100	99.94603345925526	100	99.96962332928311
