Sample	Gene	Cohort	Expression	Threshold	Exceeds threshold	Percent difference	Mean Accuracy	Minimum Accuracy	Maximum Accuracy	Sample 1 Accuracy	Sample 2 Accuracy	Sample 3 Accuracy	Sample 4 Accuracy	Sample 5 Accuracy
TH34_1412_S01	ADCY3	Pan-cancer	6.69195284305	7.29087674617767	FALSE	8.949912188184179	99.7192282964732	99.63547995139733	99.83810037776578	99.66532797858099	99.76744186046511	99.83810037776578	99.68979131415679	99.63547995139733
TH34_1412_S01	ADCY3	Same Disease	6.69195284305	7.00819253921509	FALSE	4.725671318702188	98.83360257381321	97.94134235758601	99.26910299003322	99.06291834002677	99.26910299003322	98.86670264436049	97.94134235758601	99.02794653705953
TH34_1412_S01	ADCY3	Inferred Disease	6.69195284305	NA	NA	NA	NA	NA	NA	NA	NA	NA	NA	NA
TH34_1412_S01	ADCY3	First Degree	6.69195284305	NA	NA	NA	NA	NA	NA	NA	NA	NA	NA	NA
TH34_1412_S01	ADCY3	First & Second Degree	6.69195284305	NA	NA	NA	NA	NA	NA	NA	NA	NA	NA	NA
