Sample	Gene	Cohort	Expression	Threshold	Exceeds Threshold	Percent Difference	Mean Accuracy	Minimum Accuracy	Maximum Accuracy	Sample 1 Accuracy	Sample 2 Accuracy	Sample 3 Accuracy	Sample 4 Accuracy	Sample 5 Accuracy
TH34_1447_S01	CCNE1	Pan-cancer	5.76765479824	6.5151869058609	FALSE	12.960763668605995	99.97055425550492	99.94359842075579	100	99.9665327978581	100	99.97301672962763	99.94359842075579	99.96962332928311
TH34_1447_S01	CCNE1	Same Disease	5.76765479824	8.37428945302963	FALSE	45.19401292159589	100	100	100	100	100	100	100	100
TH34_1447_S01	CCNE1	Inferred Disease	5.76765479824	3.78033331036568	TRUE	34.4563181638532	100	100	100	100	100	100	100	100
TH34_1447_S01	CCNE1	First Degree	5.76765479824	NA	NA	NA	NA	NA	NA	NA	NA	NA	NA	NA
TH34_1447_S01	CCNE1	First & Second Degree	5.76765479824	4.74590170383453	TRUE	17.715226208011924	99.99435984207558	99.97179921037788	100	100	100	100	99.97179921037788	100
