Sample	Gene	Cohort	Expression	Threshold	Exceeds Threshold	Percent Difference	Mean Accuracy	Minimum Accuracy	Maximum Accuracy	Sample 1 Accuracy	Sample 2 Accuracy	Sample 3 Accuracy	Sample 4 Accuracy	Sample 5 Accuracy
TH34_1455_S01	CDK9	Pan-cancer	7.04001567885	6.82646751403809	TRUE	3.0333478582080775	99.91368705684026	99.80430528375733	100	99.88789237668162	100	99.87623762376238	99.80430528375733	100
TH34_1455_S01	CDK9	Same Disease	7.04001567885	7.17343235015869	FALSE	1.8951189513612534	99.86418210634521	99.62871287128714	100	99.88789237668162	100	99.62871287128714	99.80430528375733	100
TH34_1455_S01	CDK9	Inferred Disease	7.04001567885	7.36977082490921	FALSE	4.684011529262342	99.95800900371206	99.88789237668162	100	99.88789237668162	100	100	99.90215264187867	100
TH34_1455_S01	CDK9	First Degree	7.04001567885	NA	NA	NA	NA	NA	NA	NA	NA	NA	NA	NA
TH34_1455_S01	CDK9	First & Second Degree	7.04001567885	6.86967158317566	TRUE	2.4196550610831262	99.91368705684026	99.80430528375733	100	99.88789237668162	100	99.87623762376238	99.80430528375733	100
