Sample	Gene	Cohort	Expression	Threshold	Exceeds threshold	Percent difference	Mean Accuracy	Minimum Accuracy	Maximum Accuracy	Sample 1 Accuracy	Sample 2 Accuracy	Sample 3 Accuracy	Sample 4 Accuracy	Sample 5 Accuracy
TH34_1349_S02	KIT	Pan-cancer	10.0557704828	5.85163629055023	TRUE	41.80817570807504	99.51753513542569	99.27323333848771	99.71416321280549	99.27323333848771	99.60854092526691	99.71416321280549	99.68139337298216	99.3103448275862
TH34_1349_S02	KIT	Same Disease	10.0557704828	4.75686256587505	TRUE	52.69519551971202	99.66538205144099	99.49183303085299	99.8088360237893	99.53610638626876	99.73309608540926	99.75703873088466	99.8088360237893	99.49183303085299
TH34_1349_S02	KIT	Inferred Disease	10.0557704828	NA	NA	NA	NA	NA	NA	NA	NA	NA	NA	NA
TH34_1349_S02	KIT	First Degree	10.0557704828	NA	NA	NA	NA	NA	NA	NA	NA	NA	NA	NA
TH34_1349_S02	KIT	First & Second Degree	10.0557704828	NA	NA	NA	NA	NA	NA	NA	NA	NA	NA	NA
