Sample	Gene	Cohort	Expression	Threshold	Exceeds threshold	Percent difference	Mean Accuracy	Minimum Accuracy	Maximum Accuracy	Sample 1 Accuracy	Sample 2 Accuracy	Sample 3 Accuracy	Sample 4 Accuracy	Sample 5 Accuracy
TH34_1349_S02	PTCH1	Pan-cancer	6.03782146543	5.57817858457565	TRUE	7.6127272640648584	99.92441612310317	99.8326639892905	99.97301672962763	99.8326639892905	99.93355481727575	99.97301672962763	99.94359842075579	99.93924665856622
TH34_1349_S02	PTCH1	Same Disease	6.03782146543	5.57602420449257	TRUE	7.648408678220868	99.93110956353156	99.8661311914324	99.97301672962763	99.8661311914324	99.93355481727575	99.97301672962763	99.94359842075579	99.93924665856622
TH34_1349_S02	PTCH1	Inferred Disease	6.03782146543	NA	NA	NA	NA	NA	NA	NA	NA	NA	NA	NA
TH34_1349_S02	PTCH1	First Degree	6.03782146543	NA	NA	NA	NA	NA	NA	NA	NA	NA	NA	NA
TH34_1349_S02	PTCH1	First & Second Degree	6.03782146543	NA	NA	NA	NA	NA	NA	NA	NA	NA	NA	NA
