Sample	Gene	Cohort	Expression	Threshold	Exceeds threshold	Percent difference	Mean Accuracy	Minimum Accuracy	Maximum Accuracy	Sample 1 Accuracy	Sample 2 Accuracy	Sample 3 Accuracy	Sample 4 Accuracy	Sample 5 Accuracy
TH34_1238_S01	PIK3CD	Pan-cancer	6.27631054746	6.09738701581955	TRUE	2.8507756314393933	99.5766403475218	99.29718875502009	99.75715056664868	99.29718875502009	99.70099667774086	99.75715056664868	99.49238578680203	99.63547995139733
TH34_1238_S01	PIK3CD	Same Disease	6.27631054746	10.4361176490784	FALSE	66.2779043542047	100	100	100	100	100	100	100	100
TH34_1238_S01	PIK3CD	Inferred Disease	6.27631054746	10.4361176490784	FALSE	66.2779043542047	100	100	100	100	100	100	100	100
TH34_1238_S01	PIK3CD	First Degree	6.27631054746	NA	NA	NA	NA	NA	NA	NA	NA	NA	NA	NA
TH34_1238_S01	PIK3CD	First & Second Degree	6.27631054746	9.80750340223312	FALSE	56.26223922591246	100	100	100	100	100	100	100	100
