Sample	Gene	Cohort	Expression	Threshold	Exceeds threshold	Percent difference	Mean Accuracy	Minimum Accuracy	Maximum Accuracy	Sample 1 Accuracy	Sample 2 Accuracy	Sample 3 Accuracy	Sample 4 Accuracy	Sample 5 Accuracy
TH34_1162_S01	CSF1R	Pan-cancer	6.27482073704	8.07874792814255	FALSE	28.74866496908898	99.98784933171325	99.93924665856622	100	100	100	100	100	99.93924665856622
TH34_1162_S01	CSF1R	Same Disease	6.27482073704	5.6617728471756	TRUE	9.769966594353912	99.90953289825096	99.78736330498177	99.97301672962763	99.9665327978581	99.93355481727575	99.97301672962763	99.88719684151157	99.78736330498177
TH34_1162_S01	CSF1R	Inferred Disease	6.27482073704	5.6617728471756	TRUE	9.769966594353912	99.90953289825096	99.78736330498177	99.97301672962763	99.9665327978581	99.93355481727575	99.97301672962763	99.88719684151157	99.78736330498177
TH34_1162_S01	CSF1R	First Degree	6.27482073704	8.98303985595703	FALSE	43.1601034102939	99.99392466585662	99.96962332928311	100	100	100	100	100	99.96962332928311
TH34_1162_S01	CSF1R	First & Second Degree	6.27482073704	8.31742706894875	FALSE	32.552425280475845	99.99392466585662	99.96962332928311	100	100	100	100	100	99.96962332928311
