Sample	Gene	Cohort	Expression	Threshold	Exceeds Threshold	Percent Difference	Mean Accuracy	Minimum Accuracy	Maximum Accuracy	Sample 1 Accuracy	Sample 2 Accuracy	Sample 3 Accuracy	Sample 4 Accuracy	Sample 5 Accuracy
TH34_1447_S01	PARP1	Pan-cancer	7.95407995932	8.42348146438599	FALSE	5.901392838224872	99.95800900371206	99.88789237668162	100	99.88789237668162	100	100	99.90215264187867	100
TH34_1447_S01	PARP1	Same Disease	7.95407995932	8.27760529518127	FALSE	4.067413673434203	99.95800900371206	99.88789237668162	100	99.88789237668162	100	100	99.90215264187867	100
TH34_1447_S01	PARP1	Inferred Disease	7.95407995932	7.77490901947021	TRUE	2.252566491236362	99.91368705684026	99.80430528375733	100	99.88789237668162	100	99.87623762376238	99.80430528375733	100
TH34_1447_S01	PARP1	First Degree	7.95407995932	NA	NA	NA	NA	NA	NA	NA	NA	NA	NA	NA
TH34_1447_S01	PARP1	First & Second Degree	7.95407995932	7.92052221298218	TRUE	0.4218935000584032	94.51804214586187	92.2645739910314	97.87735849056604	92.2645739910314	97.87735849056604	97.02970297029702	92.75929549902152	92.65927977839335
