Sample	Gene	Cohort	Expression	Threshold	Exceeds Threshold	Percent Difference	Mean Accuracy	Minimum Accuracy	Maximum Accuracy	Sample 1 Accuracy	Sample 2 Accuracy	Sample 3 Accuracy	Sample 4 Accuracy	Sample 5 Accuracy
TH34_1455_S01	FGFR3	Pan-cancer	9.30163337024	9.37218064069748	FALSE	0.7584395949553495	99.19817202816684	98.53228962818004	100	98.87892376681614	100	99.13366336633663	98.53228962818004	99.445983379501385
TH34_1455_S01	FGFR3	Same Disease	9.30163337024	10.1288357973099	FALSE	8.893087849672552	100	100	100	100	100	100	100	100
TH34_1455_S01	FGFR3	Inferred Disease	9.30163337024	8.73114684224129	TRUE	6.1331865629529645	99.95800900371206	99.88789237668162	100	99.88789237668162	100	100	99.90215264187867	100
TH34_1455_S01	FGFR3	First Degree	9.30163337024	NA	NA	NA	NA	NA	NA	NA	NA	NA	NA	NA
TH34_1455_S01	FGFR3	First & Second Degree	9.30163337024	9.08317315578461	TRUE	2.3486220727032614	99.91368705684026	99.80430528375733	100	99.88789237668162	100	99.87623762376238	99.80430528375733	100
