Sample	Gene	Cohort	Expression	Threshold	Exceeds threshold	Percent difference	Mean Accuracy	Minimum Accuracy	Maximum Accuracy	Sample 1 Accuracy	Sample 2 Accuracy	Sample 3 Accuracy	Sample 4 Accuracy	Sample 5 Accuracy
TH34_1150_S01	CDK9	Pan-cancer	6.6697354628	7.00235652923584	FALSE	4.987020374211408	99.8396614046904	99.69879518072288	99.90033222591363	99.69879518072288	99.90033222591363	99.89206691851052	99.85899605188945	99.84811664641555
TH34_1150_S01	CDK9	Same Disease	6.6697354628	6.45934462547302	TRUE	3.1544105234820963	99.63592099989994	99.29718875502009	99.76744186046511	99.29718875502009	99.76744186046511	99.75715056664868	99.66159052453469	99.69623329283111
TH34_1150_S01	CDK9	Inferred Disease	6.6697354628	6.45934462547302	TRUE	3.1544105234820963	99.63592099989994	99.29718875502009	99.76744186046511	99.29718875502009	99.76744186046511	99.75715056664868	99.66159052453469	99.69623329283111
TH34_1150_S01	CDK9	First Degree	6.6697354628	6.56934213638306	TRUE	1.5052070202315684	98.1473034800246	97.06711787930062	99.3793847814355	97.48995983935743	99.16943521594685	99.3793847814355	97.06711787930062	97.63061968408262
TH34_1150_S01	CDK9	First & Second Degree	6.6697354628	6.67130196094513	FALSE	0.023486660810867668	5.1778439736960635	4.25273390036452	6.445182724252492	4.551539491298527	6.445182724252492	6.071235833783054	4.568527918781726	4.25273390036452
