Sample	Gene	Type	Expression	Threshold	Percent difference	Mean Accuracy	Minimum Accuracy	Maximum Accuracy	Sample 1 Accuracy	Sample 2 Accuracy	Sample 3 Accuracy	Sample 4 Accuracy	Sample 5 Accuracy
TH34_2292_S01	P2RY11	Up	5.47	5.46	0.18281535648994127	7.6202628202419	6.50296815974096	8.737541528239202	8.266398929049531	8.737541528239202	6.50296815974096	7.30400451212634	7.290400972053463
