Sample	Gene	Cohort	Expression	Threshold	Exceeds threshold	Percent difference	Mean Accuracy	Minimum Accuracy	Maximum Accuracy	Sample 1 Accuracy	Sample 2 Accuracy	Sample 3 Accuracy	Sample 4 Accuracy	Sample 5 Accuracy
TH34_2292_S01	ATG2A	Pan-cancer	5.3434078223	5.30204045772552	TRUE	0.7741756936807054	30.345314292383826	25.903939557474366	34.053156146179404	32.697456492637215	34.053156146179404	25.903939557474366	28.87760857304005	30.194410692588093
TH34_2292_S01	ATG2A	Same Disease	5.3434078223	5.02560949325562	TRUE	5.947484070335996	95.89029838754692	94.0214326001128	96.85408299866131	96.85408299866131	96.74418604651163	95.38586076632488	94.0214326001128	96.44592952612395
TH34_2292_S01	ATG2A	Inferred Disease	5.3434078223	NA	NA	NA	NA	NA	NA	NA	NA	NA	NA	NA
TH34_2292_S01	ATG2A	First Degree	5.3434078223	NA	NA	NA	NA	NA	NA	NA	NA	NA	NA	NA
TH34_2292_S01	ATG2A	First & Second Degree	5.3434078223	NA	NA	NA	NA	NA	NA	NA	NA	NA	NA	NA
