Sample	Gene	Cohort	Expression	Threshold	Exceeds threshold	Percent difference	Mean Accuracy	Minimum Accuracy	Maximum Accuracy	Sample 1 Accuracy	Sample 2 Accuracy	Sample 3 Accuracy	Sample 4 Accuracy	Sample 5 Accuracy
TH34_2292_S01	P2RY11	Pan-cancer	5.47183776242	5.46058189868927	TRUE	0.2057053629775707	8.588875484472734	7.393416082029142	9.867109634551495	9.069611780455155	9.867109634551495	7.393416082029142	8.29103214890017	8.323207776427703
TH34_2292_S01	P2RY11	Same Disease	5.47183776242	5.28187197446823	TRUE	3.4716999333648815	84.65617599055508	81.7323259579061	87.31593038821954	87.31593038821954	86.87707641196013	81.7323259579061	81.75408911449522	85.60145808019442
TH34_2292_S01	P2RY11	Inferred Disease	5.47183776242	NA	NA	NA	NA	NA	NA	NA	NA	NA	NA	NA
TH34_2292_S01	P2RY11	First Degree	5.47183776242	NA	NA	NA	NA	NA	NA	NA	NA	NA	NA	NA
TH34_2292_S01	P2RY11	First & Second Degree	5.47183776242	NA	NA	NA	NA	NA	NA	NA	NA	NA	NA	NA
