Sample	Gene	Cohort	Expression	Threshold	Exceeds threshold	Percent difference	Mean Accuracy	Minimum Accuracy	Maximum Accuracy	Sample 1 Accuracy	Sample 2 Accuracy	Sample 3 Accuracy	Sample 4 Accuracy	Sample 5 Accuracy
TH34_2292_S01	VEGFA	Pan-cancer	10.5708992864	10.3418627381325	TRUE	2.1666704228481946	97.82001140161196	97.24137931034483	98.55072463768117	98.55072463768117	97.67441860465115	97.87234042553192	97.24137931034483	97.76119402985076
TH34_2292_S01	VEGFA	Same Disease	10.5708992864	9.36373233795166	TRUE	11.419718566436643	100	100	100	100	100	100	100	100
TH34_2292_S01	VEGFA	Inferred Disease	10.5708992864	NA	NA	NA	NA	NA	NA	NA	NA	NA	NA	NA
TH34_2292_S01	VEGFA	First Degree	10.5708992864	NA	NA	NA	NA	NA	NA	NA	NA	NA	NA	NA
TH34_2292_S01	VEGFA	First & Second Degree	10.5708992864	NA	NA	NA	NA	NA	NA	NA	NA	NA	NA	NA
