Sample	Gene	Cohort	Expression	Threshold	Exceeds threshold	Percent difference	Mean Accuracy	Minimum Accuracy	Maximum Accuracy	Sample 1 Accuracy	Sample 2 Accuracy	Sample 3 Accuracy	Sample 4 Accuracy	Sample 5 Accuracy
TH34_2292_S01	HMOX1	Pan-cancer	9.40607742173	8.53416591882706	TRUE	9.26966113301005	99.91252367584356	99.80430528375733	100	100	99.88207547169812	99.87623762376238	99.80430528375733	100
TH34_2292_S01	HMOX1	Same Disease	9.40607742173	9.17999088764191	TRUE	2.4036218707469144	95.48590570965723	92.82178217821783	97.229916897506925	96.41255605381166	96.93396226415094	92.82178217821783	94.03131115459882	97.229916897506925
TH34_2292_S01	HMOX1	Inferred Disease	9.40607742173	NA	NA	NA	NA	NA	NA	NA	NA	NA	NA	NA
TH34_2292_S01	HMOX1	First Degree	9.40607742173	NA	NA	NA	NA	NA	NA	NA	NA	NA	NA	NA
TH34_2292_S01	HMOX1	First & Second Degree	9.40607742173	NA	NA	NA	NA	NA	NA	NA	NA	NA	NA	NA
