Sample	Gene	Cohort	Expression	Threshold	Exceeds threshold	Percent difference	Mean Accuracy	Minimum Accuracy	Maximum Accuracy	Sample 1 Accuracy	Sample 2 Accuracy	Sample 3 Accuracy	Sample 4 Accuracy	Sample 5 Accuracy
TH34_2292_S01	ABTB1	Pan-cancer	6.46744252448	6.39302653074265	TRUE	1.1506247400835394	42.8887577725752	38.15434430652995	46.91029900332226	46.55287817938421	46.91029900332226	38.15434430652995	40.29892836999436	42.527339003645196
TH34_2292_S01	ABTB1	Same Disease	6.46744252448	7.15610837936401	FALSE	10.648194433538947	99.4090170706633	99.01297236322617	99.60510328068044	99.53145917001339	99.43521594684385	99.46033459255261	99.01297236322617	99.60510328068044
TH34_2292_S01	ABTB1	Inferred Disease	6.46744252448	NA	NA	NA	NA	NA	NA	NA	NA	NA	NA	NA
TH34_2292_S01	ABTB1	First Degree	6.46744252448	NA	NA	NA	NA	NA	NA	NA	NA	NA	NA	NA
TH34_2292_S01	ABTB1	First & Second Degree	6.46744252448	NA	NA	NA	NA	NA	NA	NA	NA	NA	NA	NA
