Sample	Gene	Type	Expression	Threshold	Percent difference	Probability >= 0.95	Probability of being an outlier	Minimum Probability	Maximum Probability	Sample 1 Probability	Sample 2 Probability	Sample 3 Probability	Sample 4 Probability	Sample 5 Probability
TH34_2292_S01	P2RY11	Up	5.47	5.46	0.18281535648994127	FALSE	0.07620262820241899	0.0650296815974096	0.08737541528239202	0.08266398929049532	0.08737541528239202	0.0650296815974096	0.0730400451212634	0.07290400972053462
