Sample	Gene	Cohort	Expression	Threshold	Exceeds threshold	Percent difference	Mean Accuracy	Minimum Accuracy	Maximum Accuracy	Sample 1 Accuracy	Sample 2 Accuracy	Sample 3 Accuracy	Sample 4 Accuracy	Sample 5 Accuracy
TH34_2292_S01	FLT4	Pan-cancer	7.6789873878	4.77823343873024	TRUE	37.77521439452208	99.95515695067265	99.77578475336323	100	99.77578475336323	100	100	100	100
TH34_2292_S01	FLT4	Same Disease	7.6789873878	5.30752921104431	TRUE	30.882433542257765	99.95515695067265	99.77578475336323	100	99.77578475336323	100	100	100	100
TH34_2292_S01	FLT4	Inferred Disease	7.6789873878	NA	NA	NA	NA	NA	NA	NA	NA	NA	NA	NA
TH34_2292_S01	FLT4	First Degree	7.6789873878	NA	NA	NA	NA	NA	NA	NA	NA	NA	NA	NA
TH34_2292_S01	FLT4	First & Second Degree	7.6789873878	NA	NA	NA	NA	NA	NA	NA	NA	NA	NA	NA
